request_id,description
10,ipsum primis in faucibus orci luctus et ultrices
1,congue elementum in hac habitasse
10,faucibus accumsan odio curabitur convallis duis consequat dui nec
4,consequat metus sapien ut nunc vestibulum ante
8,pretium iaculis justo in hac habitasse platea
4,id luctus nec molestie sed justo pellentesque viverra
6,nulla quisque arcu libero rutrum ac lobortis
1,semper interdum mauris ullamcorper purus sit amet nulla
10,curabitur gravida nisi at nibh
10,diam erat fermentum justo nec