topic_label,application
Re-engineered grid-enabled frame,Pannier
Managed clear-thinking synergy,Latlux
Re-engineered optimizing system engine,Pannier
Programmable foreground Graphical User Interface,Voltsillam
Programmable contextually-based open architecture,Y-find
User-centric object-oriented success,It
Face to face neutral encryption,Regrant
Persevering 24/7 synergy,Sonsing
Multi-layered radical groupware,Gembucket
Synchronised intermediate interface,Biodex
Organized coherent complexity,Treeflex
Cross-group methodical support,Home Ing
Polarised fresh-thinking algorithm,Hatity
Function-based motivating open system,Zamit
Stand-alone fresh-thinking standardization,Solarbreeze
Decentralized fresh-thinking parallelism,Andalax
Self-enabling bandwidth-monitored core,Cardguard
Horizontal attitude-oriented interface,Overhold
Re-engineered demand-driven hardware,Subin
Configurable interactive parallelism,Tempsoft
Sharable actuating open system,Fix San
Inverse clear-thinking database,Keylex
Customer-focused 4th generation complexity,Andalax
Profound tertiary infrastructure,Opela
Digitized homogeneous neural-net,Flexidy
Multi-layered 6th generation interface,Vagram
Realigned content-based initiative,Pannier
Secured 4th generation secured line,Sub-Ex
Polarised transitional budgetary management,Matsoft
User-centric client-server frame,Job
Reactive discrete installation,Opela
Progressive 6th generation installation,Zaam-Dox
Intuitive eco-centric array,Zamit
Multi-layered modular array,Konklux
Quality-focused dedicated protocol,Wrapsafe
Seamless fresh-thinking parallelism,Andalax
Organic demand-driven complexity,Cookley
Reverse-engineered foreground throughput,Treeflex
Right-sized client-driven groupware,Prodder
Exclusive intermediate throughput,Quo Lux
Stand-alone even-keeled orchestration,Stim
Organic uniform secured line,Ventosanzap
Expanded stable process improvement,Veribet
Function-based client-server solution,Quo Lux
Advanced stable strategy,Subin
Customer-focused even-keeled capacity,Bigtax
Persevering cohesive leverage,Tempsoft
Object-based maximized collaboration,Ronstring
Reverse-engineered zero tolerance time-frame,Sub-Ex
Front-line maximized task-force,Transcof
Reverse-engineered stable matrices,Pannier
Horizontal intangible paradigm,Stringtough
Stand-alone 24/7 access,Bamity
Reduced local array,Y-find
Customizable neutral emulation,Fixflex
Extended needs-based time-frame,Holdlamis
Monitored high-level circuit,Job
Exclusive 3rd generation middleware,Stronghold
Synergistic incremental migration,Voltsillam
Open-architected 24/7 capacity,Ventosanzap
Enterprise-wide zero administration ability,Bamity
Multi-tiered cohesive firmware,Greenlam
Versatile 24/7 monitoring,Flexidy
User-centric regional protocol,Rank
Profound local model,Latlux
Enterprise-wide modular core,Sub-Ex
Business-focused web-enabled complexity,Pannier
Open-source transitional conglomeration,Zaam-Dox
Front-line multi-tasking utilisation,Greenlam
Triple-buffered impactful utilisation,Sub-Ex
Networked solution-oriented matrices,Solarbreeze
Total radical strategy,Zathin
Operative background parallelism,Otcom
Expanded content-based emulation,Zontrax
Optimized contextually-based frame,Otcom
Cloned human-resource success,Duobam
Total bifurcated service-desk,Aerified
Managed multi-tasking focus group,Biodex
Managed 6th generation workforce,Duobam
Pre-emptive transitional encryption,Transcof
Public-key client-server Graphic Interface,Span
Vision-oriented hybrid functionalities,Voyatouch
Triple-buffered needs-based middleware,Kanlam
Persevering analyzing open architecture,Tresom
Optional stable support,Domainer
Horizontal dedicated collaboration,Konklab
Mandatory analyzing flexibility,Ronstring
Stand-alone demand-driven protocol,Tampflex
Monitored next generation superstructure,Kanlam
Multi-channelled attitude-oriented function,Toughjoyfax
Persevering zero administration collaboration,Otcom
User-friendly logistical capacity,Quo Lux
Realigned client-server synergy,Stim
Synergistic coherent moderator,Alpha
Multi-layered high-level migration,Bitwolf
Reactive bi-directional productivity,Alphazap
Synergized asymmetric neural-net,Voltsillam
Balanced solution-oriented conglomeration,Y-find
Advanced modular challenge,Zaam-Dox
Vision-oriented 24 hour algorithm,Fixflex
