user_id,request_type_id,description,date_stamp,is_approved,due_date
26,91,Polarised modular throughput,2020-03-05 14:05:19,1,2020-06-18 10:22:10
51,39,Balanced even-keeled complexity,2020-10-22 07:59:12,1,2022-01-20 16:33:20
48,25,Multi-lateral empowering methodology,2020-02-08 09:52:40,1,2022-05-02 22:53:57
64,60,User-friendly multi-state info-mediaries,2020-02-15 22:13:47,1,2020-10-15 07:59:22
25,4,Exclusive exuding approach,2020-01-03 01:25:08,0,2021-07-20 15:59:39
24,23,Optimized upward-trending local area network,2020-04-16 17:05:17,1,2022-04-24 09:28:16
55,37,Pre-emptive hybrid software,2019-11-06 14:38:13,0,2021-09-04 17:20:49
92,13,Triple-buffered optimal implementation,2019-12-19 12:32:37,1,2020-12-18 02:01:29
56,100,Virtual interactive definition,2020-07-05 10:42:37,0,2022-02-22 05:42:16
89,27,Profit-focused incremental leverage,2020-04-06 13:51:05,0,2021-09-21 19:54:51
13,15,Enterprise-wide uniform methodology,2020-04-23 04:08:07,0,2021-11-20 17:53:04
83,72,Public-key systematic throughput,2020-05-18 12:16:59,1,2021-07-02 20:06:13
99,57,Diverse bi-directional secured line,2020-04-07 15:15:00,0,2021-06-08 08:56:20
42,20,Managed multi-tasking analyzer,2020-09-01 16:41:16,1,2022-04-19 09:44:16
43,66,Optional zero administration software,2020-09-18 05:17:22,0,2021-08-26 22:59:00
78,11,Universal modular knowledge base,2020-05-18 12:04:12,0,2022-04-09 02:14:26
72,30,Multi-channelled attitude-oriented installation,2020-05-27 21:54:43,1,2022-07-25 07:01:40
29,27,Down-sized bifurcated product,2019-12-12 14:38:11,0,2022-02-17 04:25:10
3,93,Synchronised contextually-based superstructure,2020-01-01 14:09:21,0,2020-03-03 13:18:54
78,18,Extended user-facing capacity,2020-02-17 21:17:25,0,2021-01-05 10:06:23
69,100,Advanced upward-trending installation,2020-04-02 05:14:31,0,2020-04-15 06:28:54
20,38,Innovative full-range product,2020-05-06 12:36:35,1,2020-12-30 10:35:01
38,42,Function-based even-keeled pricing structure,2019-11-25 08:06:38,0,2021-11-21 18:36:06
52,61,Grass-roots mobile Graphical User Interface,2020-07-22 04:01:10,0,2021-10-29 04:19:40
89,36,Multi-tiered actuating access,2020-02-01 20:38:17,0,2022-05-26 15:28:56
47,55,Multi-layered client-server budgetary management,2020-09-30 15:16:05,1,2021-10-06 02:12:28
16,7,Diverse 3rd generation core,2020-06-22 16:52:07,1,2020-09-20 18:32:53
81,20,Persistent global solution,2020-10-15 13:47:16,1,2021-03-19 08:05:48
31,7,Organized asynchronous capability,2020-07-21 21:02:12,0,2022-01-19 04:24:57
9,78,Innovative even-keeled application,2020-02-23 04:17:08,0,2022-07-16 07:46:03
48,8,Upgradable dynamic monitoring,2020-09-06 14:17:53,1,2020-01-21 11:54:18
1,24,Team-oriented radical focus group,2020-09-20 17:12:18,1,2020-07-06 06:07:34
56,40,Quality-focused interactive standardization,2020-07-17 23:02:55,0,2022-01-03 16:06:57
81,42,Cross-group upward-trending functionalities,2020-09-28 09:42:58,0,2020-05-02 10:14:08
81,68,Advanced coherent utilisation,2020-04-16 01:03:31,1,2022-10-17 01:56:42
31,44,Right-sized 24/7 conglomeration,2020-10-19 20:53:37,0,2021-04-26 22:47:39
84,9,Versatile responsive adapter,2020-03-07 05:58:41,1,2021-02-26 07:44:24
4,42,Implemented incremental ability,2019-11-16 02:37:24,0,2021-03-01 21:12:42
8,44,Advanced fault-tolerant initiative,2020-09-17 09:37:53,0,2022-02-02 14:20:56
16,86,Team-oriented tertiary instruction set,2019-12-29 08:43:50,0,2022-08-22 21:56:54
11,2,Mandatory interactive synergy,2020-02-16 09:27:25,1,2021-01-25 17:09:54
34,22,Streamlined homogeneous initiative,2020-03-08 11:12:56,1,2019-12-05 17:51:02
49,43,Configurable zero defect leverage,2020-03-05 23:04:02,0,2020-09-20 18:53:30
20,4,Decentralized next generation knowledge user,2020-10-14 03:37:46,1,2020-09-01 18:19:40
46,93,Virtual systemic support,2020-06-13 05:05:46,1,2021-10-26 22:57:25
97,61,Front-line hybrid infrastructure,2019-11-21 18:43:25,1,2021-09-10 19:12:13
73,28,Intuitive directional matrices,2019-11-15 04:10:26,1,2021-02-23 04:26:43
18,41,Realigned high-level interface,2020-05-05 06:42:41,0,2020-04-02 17:44:45
19,2,Ergonomic disintermediate knowledge user,2020-05-18 12:35:19,1,2022-01-15 10:53:19
3,28,Implemented transitional artificial intelligence,2020-02-14 17:44:39,1,2022-09-12 02:57:33
21,26,Persistent value-added Graphical User Interface,2019-11-24 16:41:28,1,2020-01-21 14:05:15
34,93,Total solution-oriented time-frame,2020-10-30 23:31:22,0,2019-11-05 23:54:48
87,48,Re-engineered composite knowledge base,2020-03-31 09:30:10,1,2022-04-01 06:49:05
6,86,Organized holistic approach,2020-02-03 22:35:48,0,2020-11-23 12:27:17
4,3,Function-based cohesive strategy,2020-06-15 08:43:17,0,2021-01-11 19:47:57
72,62,Progressive asynchronous ability,2020-03-28 00:31:23,0,2022-09-03 08:22:54
73,63,Function-based solution-oriented interface,2020-03-21 17:26:01,0,2022-10-17 05:22:29
79,85,Re-contextualized tertiary hub,2020-07-12 18:44:08,0,2022-10-01 15:32:12
51,31,Seamless responsive help-desk,2020-07-30 01:30:31,0,2022-07-05 09:53:56
93,77,Optional disintermediate orchestration,2020-01-25 12:12:00,1,2021-11-07 01:07:42
71,81,Front-line incremental frame,2020-02-04 13:03:13,1,2020-09-27 19:18:39
46,89,Persistent holistic firmware,2019-11-12 01:44:43,0,2021-11-16 14:20:16
39,41,Robust mission-critical hardware,2020-05-08 00:45:31,0,2022-09-29 12:23:30
55,91,Managed uniform customer loyalty,2020-07-08 17:02:26,0,2020-09-12 02:31:40
47,4,Virtual human-resource alliance,2020-10-21 18:05:16,1,2020-11-05 11:49:28
99,1,Cross-platform heuristic artificial intelligence,2020-09-16 16:40:59,1,2022-06-03 01:39:21
77,45,Vision-oriented heuristic moratorium,2020-06-03 17:28:18,1,2021-12-14 17:36:14
95,36,Horizontal multimedia archive,2020-02-14 23:33:51,0,2022-09-20 01:31:33
12,76,Self-enabling foreground attitude,2020-02-19 15:21:38,1,2020-05-15 23:13:56
63,97,Open-architected background circuit,2020-02-28 16:51:00,0,2021-02-08 14:09:51
99,55,Stand-alone dynamic local area network,2020-02-14 00:26:38,1,2020-04-02 06:26:12
3,61,Extended needs-based moratorium,2020-06-26 21:36:52,0,2020-04-06 12:41:50
67,82,Public-key solution-oriented architecture,2020-01-20 18:10:34,1,2021-01-24 09:14:32
20,41,Versatile systemic monitoring,2020-05-02 08:44:12,0,2020-02-29 17:11:57
85,77,Self-enabling mobile knowledge base,2020-04-29 07:52:58,1,2022-08-31 20:00:31
12,92,Open-source fresh-thinking adapter,2019-12-16 09:24:10,0,2020-10-08 12:58:08
68,75,Compatible fresh-thinking circuit,2019-11-11 11:30:59,1,2020-04-28 08:49:26
82,83,Reverse-engineered coherent productivity,2020-02-14 07:58:00,1,2022-02-09 09:52:49
1,13,Organized 24 hour strategy,2019-12-27 05:44:27,1,2020-11-09 13:30:04
55,18,Reduced fault-tolerant leverage,2020-01-18 01:55:12,0,2020-12-02 13:53:14
19,87,Expanded cohesive success,2019-12-16 05:51:37,1,2022-04-04 01:01:12
2,34,Managed actuating portal,2020-10-13 02:17:08,1,2019-12-21 13:00:39
59,33,Programmable asymmetric hub,2020-04-12 10:58:36,0,2022-04-24 21:13:16
42,63,Cross-platform optimal hardware,2019-12-22 04:31:45,0,2021-01-16 23:02:58
84,8,Sharable bottom-line open architecture,2020-10-20 05:27:35,1,2021-05-09 08:26:07
23,54,Synchronised modular application,2020-08-23 23:55:01,0,2020-07-09 15:51:02
36,60,Reverse-engineered solution-oriented instruction set,2020-09-20 07:56:56,1,2021-05-03 00:05:30
99,56,Triple-buffered global strategy,2020-02-26 02:27:10,1,2020-07-13 02:28:18
86,3,Networked secondary secured line,2020-02-02 05:11:37,1,2020-09-23 17:11:14
15,13,Re-contextualized logistical leverage,2019-11-11 03:50:40,1,2022-03-22 16:59:16
67,95,Expanded multimedia intranet,2019-12-08 15:45:52,1,2022-03-05 17:31:12
67,25,Business-focused client-driven archive,2020-02-04 05:10:32,0,2022-05-23 15:36:01
79,84,Down-sized 4th generation capability,2020-07-23 17:58:30,1,2022-05-23 06:42:41
53,21,Quality-focused maximized concept,2020-01-08 09:14:42,1,2020-03-29 17:15:03
29,36,Object-based 5th generation analyzer,2020-08-08 03:30:02,1,2020-03-26 20:40:39
88,55,Optional mobile strategy,2020-10-28 07:06:09,1,2020-10-27 11:31:21
69,42,Decentralized fault-tolerant system engine,2020-08-15 11:07:08,0,2020-09-03 09:26:18
12,56,Exclusive grid-enabled paradigm,2020-09-30 19:27:11,1,2021-01-22 03:51:27
95,10,Decentralized user-facing function,2020-04-07 17:28:33,0,2020-08-08 00:16:30
70,27,Versatile non-volatile utilisation,2020-10-18 15:39:45,1,2020-12-19 09:27:07
